fire_id,model,n_train,n_test,training_events,seconds,rmse,mae,r2,pearson_r,high_threshold_train_p75,high_iou,high_f1,observed_high_fraction,predicted_high_fraction
2014_2151,naive_training_mean,165000,71843,11,0.0045275000011315,0.2574568688869476,0.2212766706943512,-0.4017473459243774,,0.6010000109672546,0.0,0.0,0.4858510919644224,0.0
2014_2151,linear_full,165000,71843,11,0.0718734000110998,0.2963246405124664,0.2564199864864349,-0.8569331169128418,0.2645280220077525,0.6010000109672546,0.0,0.0,0.4858510919644224,0.0
2014_2151,rf_spectral,165000,71843,11,9.999861799995417,0.2394055426120758,0.2036759704351425,-0.2120740413665771,0.2017436920707291,0.6010000109672546,0.0112766929313691,0.0223018942494989,0.4858510919644224,0.0072101666133095
2014_2151,rf_structure_terrain,165000,71843,11,7.252845499999239,0.3846038281917572,0.3358436822891235,-2.12815260887146,0.1713757164043131,0.6010000109672546,0.0,0.0,0.4858510919644224,0.0
2014_2151,rf_full,165000,71843,11,19.30611040000804,0.3484901189804077,0.2988246381282806,-1.5682761669158936,0.202999727861196,0.6010000109672546,0.0002002861230329,0.0004004920330691,0.4858510919644224,0.0007238005094442
2014_612,naive_training_mean,165000,132098,11,0.0201722999918274,0.1925604194402694,0.1516326963901519,-0.0369865894317626,,0.6309999823570251,0.0,0.0,0.1002588986964223,0.0
2014_612,linear_full,165000,132098,11,0.080580000008922,0.1775828748941421,0.1431984603404998,0.1180554032325744,0.3673477538431752,0.6309999823570251,0.0,0.0,0.1002588986964223,7.570137322291026e-06
2014_612,rf_spectral,165000,132098,11,9.688290499994764,0.180264875292778,0.1431207209825515,0.0912145376205444,0.3265010445000951,0.6309999823570251,0.0017918470957144,0.0035772842450439,0.1002588986964223,0.0013172038940786
2014_612,rf_structure_terrain,165000,132098,11,6.750189900005353,0.1985536515712738,0.1624335348606109,-0.102541446685791,0.2929273042589339,0.6309999823570251,0.0003744757339724,0.0007486711087819,0.1002588986964223,0.0008554255174188
2014_612,rf_full,165000,132098,11,17.282571000003372,0.1870458126068115,0.1496887058019638,0.0215578079223632,0.4600090428243608,0.6309999823570251,0.0030624439796832,0.0061061881003797,0.1002588986964223,0.0014004754046238
2016_174,naive_training_mean,165000,53125,11,0.01729499999783,0.3856039345264435,0.3732693791389465,-9.17868709564209,,0.6380000114440918,0.0,0.0,0.0087905882352941,0.0
2016_174,linear_full,165000,53125,11,0.062962800002424,0.3197684288024902,0.3021914958953857,-5.999709129333496,-0.2100624921752171,0.6380000114440918,0.0,0.0,0.0087905882352941,0.0
2016_174,rf_spectral,165000,53125,11,10.203379500002484,0.3658994436264038,0.3465832769870758,-8.164997100830078,-0.1668451810704855,0.6380000114440918,0.0,0.0,0.0087905882352941,0.0025788235294117
2016_174,rf_structure_terrain,165000,53125,11,7.489294700004393,0.3767691254615783,0.3561878204345703,-8.717609405517578,-0.0650817477049739,0.6380000114440918,0.0,0.0,0.0087905882352941,0.0047247058823529
2016_174,rf_full,165000,53125,11,19.120918300002813,0.3021545708179474,0.2712127566337585,-5.249815464019775,-0.1963771612811898,0.6380000114440918,0.0,0.0,0.0087905882352941,0.0003388235294117
2017_1816,naive_training_mean,165000,33624,11,0.0175028000085148,0.2416192442178726,0.1976073384284973,-0.0087743997573852,,0.6190000176429749,0.0,0.0,0.2500297406614323,0.0
2017_1816,linear_full,165000,33624,11,0.0604673000052571,0.2487489283084869,0.1983220279216766,-0.0691863298416137,0.3160701959016354,0.6190000176429749,0.291324200913242,0.4512022630834512,0.2500297406614323,0.2546098025220081
2017_1816,rf_spectral,165000,33624,11,10.810370899998816,0.2634417414665222,0.2155125141143798,-0.199223518371582,0.1116333436800688,0.6190000176429749,0.0694563867392758,0.1298910130427014,0.2500297406614323,0.0828872234118486
2017_1816,rf_structure_terrain,165000,33624,11,7.931406100004096,0.2611593008041382,0.206628143787384,-0.1785337924957275,0.1496674061966135,0.6190000176429749,0.19834207924557,0.3310274798502253,0.2500297406614323,0.2185938615274803
2017_1816,rf_full,165000,33624,11,19.20849829999497,0.2487118691205978,0.195344477891922,-0.068867802619934,0.2747521872400466,0.6190000176429749,0.2506856422800385,0.4008771409944882,0.2500297406614323,0.2517844396859386
2017_849,naive_training_mean,165000,115316,11,0.0201311999990139,0.2004850059747696,0.157941460609436,-0.1209665536880493,,0.6330000162124634,0.0,0.0,0.0790870304207568,0.0
2017_849,linear_full,165000,115316,11,0.0662430000083986,0.1783729493618011,0.1415748298168182,0.1126666069030761,0.4276779919713679,0.6330000162124634,0.0,0.0,0.0790870304207568,0.0
2017_849,rf_spectral,165000,115316,11,10.526361599986558,0.1883104890584945,0.1488600075244903,0.0110419392585754,0.3475890887597184,0.6330000162124634,0.0002178649237472,0.000435634937922,0.0790870304207568,0.0005376530576849
2017_849,rf_structure_terrain,165000,115316,11,8.019270400007372,0.2017611116170883,0.1601980775594711,-0.1352819204330444,0.1385855810767227,0.6330000162124634,0.0016476161054474,0.003289811863884,0.0790870304207568,0.005263796871206
2017_849,rf_full,165000,115316,11,20.039913800006616,0.1948588490486145,0.1520376950502395,-0.0589345693588256,0.2438246534737567,0.6330000162124634,0.0092904543134252,0.0184098725470362,0.0790870304207568,0.0066426168094626
2018_1274,naive_training_mean,165000,45701,11,0.0170045999984722,0.3157562613487243,0.2684224843978882,-0.7370181083679199,,0.593999981880188,0.0,0.0,0.5740793418087131,0.0
2018_1274,linear_full,165000,45701,11,0.0637404000008245,0.2895611822605133,0.2467033714056015,-0.4607675075531006,0.3994364698030546,0.593999981880188,0.0002665651180502,0.0005329881600487,0.5740793418087131,0.0006783221373711
2018_1274,rf_spectral,165000,45701,11,10.662102300004335,0.3121831119060516,0.26426962018013,-0.697927713394165,0.235327415748871,0.593999981880188,0.0288067391222594,0.0560002924297254,0.5740793418087131,0.0245290037417124
2018_1274,rf_structure_terrain,165000,45701,11,7.921838399997796,0.3317125737667084,0.2795343697071075,-0.9170095920562744,0.0057203974723055,0.593999981880188,0.059974724679545,0.1131625562065676,0.5740793418087131,0.0682698409225181
2018_1274,rf_full,165000,45701,11,20.41624089999823,0.3178176581859588,0.2646229267120361,-0.7597721815109253,0.193294172675619,0.593999981880188,0.069945560352919,0.1307460172643694,0.5740793418087131,0.0494956346688256
2018_1726,naive_training_mean,165000,41431,11,0.0141882000025361,0.3039381504058838,0.2761545777320862,-1.790954828262329,,0.6359999775886536,0.0,0.0,0.0369771427192199,0.0
2018_1726,linear_full,165000,41431,11,0.0631314999918686,0.3293123841285705,0.2927094101905823,-2.276411771774292,0.0017918806700896,0.6359999775886536,0.0,0.0,0.0369771427192199,0.0003620477420289
2018_1726,rf_spectral,165000,41431,11,10.26862540000002,0.3477225601673126,0.3058097958564758,-2.652986526489258,0.0252491603229703,0.6359999775886536,0.0652818991097922,0.1225626740947075,0.0369771427192199,0.0496729502063672
2018_1726,rf_structure_terrain,165000,41431,11,7.85649600000761,0.2878338396549225,0.2545671164989471,-1.5030300617218018,0.1363031452632508,0.6359999775886536,0.0169306389950846,0.033297529538131,0.0369771427192199,0.0079650503246361
2018_1726,rf_full,165000,41431,11,17.35245570000552,0.3361648023128509,0.2899239659309387,-2.4141831398010254,0.0896003049250924,0.6359999775886536,0.0840958605664488,0.155144694533762,0.0369771427192199,0.083126161569839
2019_105,naive_training_mean,165000,46262,11,0.0172133000014582,0.202658012509346,0.1637393534183502,-0.0061712265014648,,0.6230000257492065,0.0,0.0,0.19971034542389,0.0
2019_105,linear_full,165000,46262,11,0.0612868000025628,0.2340305000543594,0.1824922859668731,-0.3418045043945312,0.1324089910667464,0.6230000257492065,0.0,0.0,0.19971034542389,0.0
2019_105,rf_spectral,165000,46262,11,10.126750299998092,0.2036891132593155,0.1672103852033615,-0.0164358615875244,0.2613821642726843,0.6230000257492065,0.1568627450980392,0.2711864406779661,0.19971034542389,0.0630106783104924
2019_105,rf_structure_terrain,165000,46262,11,7.82848309999099,0.2792569398880005,0.2189179956912994,-0.9105231761932372,-0.0622413807750021,0.6230000257492065,0.0,0.0,0.19971034542389,0.0
2019_105,rf_full,165000,46262,11,21.111862299992936,0.2563223838806152,0.2016060799360275,-0.60959792137146,0.0199014701198943,0.6230000257492065,0.0,0.0,0.19971034542389,0.0
2020_293,naive_training_mean,165000,50074,11,0.0174033000075723,0.2748277187347412,0.2320601642131805,-0.24734628200531,,0.6039999723434448,0.0,0.0,0.4464392698805767,0.0
2020_293,linear_full,165000,50074,11,0.0693847000075038,0.3644261956214905,0.2700897753238678,-1.1932344436645508,0.0452201648406495,0.6039999723434448,0.2862753133217225,0.4451229225296023,0.4464392698805767,0.3057674641530535
2020_293,rf_spectral,165000,50074,11,10.376341199997114,0.3109896779060364,0.2580535411834717,-0.5971947908401489,0.1024069370125899,0.6039999723434448,0.046937388497154,0.0896660851219215,0.4464392698805767,0.0457722570595518
2020_293,rf_structure_terrain,165000,50074,11,7.49157670000568,0.2486009448766708,0.1991631835699081,-0.0206373929977417,0.1840363608970614,0.6039999723434448,0.2940202143122739,0.4544290901491601,0.4464392698805767,0.3180492870551584
2020_293,rf_full,165000,50074,11,20.753867999999784,0.2681288421154022,0.2156293392181396,-0.187279462814331,0.1763772970330602,0.6039999723434448,0.252326934264107,0.402972941586343,0.4464392698805767,0.2414226944122698
2021_1183,naive_training_mean,165000,107380,11,0.0144616000034147,0.1666222214698791,0.1316652745008468,-0.0063778162002563,,0.6299999952316284,0.0,0.0,0.1101788042466008,0.0
2021_1183,linear_full,165000,107380,11,0.0674958000017795,0.1736264079809188,0.1376030892133712,-0.0927648544311523,0.1655110119586119,0.6299999952316284,0.0004943561011782,0.0009882236679568,0.1101788042466008,0.0029055690072639
2021_1183,rf_spectral,165000,107380,11,10.13748280001164,0.2395977824926376,0.1893118172883987,-1.0809459686279297,-0.0058848387119462,0.6299999952316284,0.0663627690024382,0.1244656526493687,0.1101788042466008,0.0771745203948593
2021_1183,rf_structure_terrain,165000,107380,11,8.195260700013023,0.1991319507360458,0.1578273624181747,-0.4373981952667236,0.1209494472661926,0.6299999952316284,0.0905581637976004,0.1660767243853439,0.1101788042466008,0.0845129446824362
2021_1183,rf_full,165000,107380,11,18.69850010001392,0.2208486497402191,0.1721264123916626,-0.7680099010467529,0.1523358123437305,0.6299999952316284,0.1393821454633909,0.24466268146883,0.1101788042466008,0.1079251257217358
2021_1501,naive_training_mean,165000,69997,11,0.0160158999933628,0.2311250865459442,0.1879084408283233,-0.0147936344146728,,0.6179999709129333,0.0,0.0,0.2575681814934926,0.0
2021_1501,linear_full,165000,69997,11,0.0687666000012541,0.2277756482362747,0.1858948916196823,0.014405608177185,0.2980673221667985,0.6179999709129333,0.008830143147041,0.0175057083831684,0.2575681814934926,0.0052145091932511
2021_1501,rf_spectral,165000,69997,11,9.791394900006708,0.2396047413349151,0.1939973533153534,-0.0906224250793457,0.1577530572718019,0.6179999709129333,0.0306165318769036,0.0594140127388535,0.2575681814934926,0.0228009771847364
2021_1501,rf_structure_terrain,165000,69997,11,7.975265200002468,0.2344841808080673,0.1890331357717514,-0.0445053577423095,0.1890192344695394,0.6179999709129333,0.0906140788816774,0.166170748455024,0.2575681814934926,0.0545166221409489
2021_1501,rf_full,165000,69997,11,19.807568700009146,0.2319452464580536,0.1873187869787216,-0.0220086574554443,0.3217600652180874,0.6179999709129333,0.0904893813481071,0.165961049957663,0.2575681814934926,0.0461305484520765
2022_607,naive_training_mean,165000,54363,11,0.0146883999987039,0.3144777119159698,0.2637990117073059,-0.6031394004821777,,0.597000002861023,0.0,0.0,0.5379761970457848,0.0
2022_607,linear_full,165000,54363,11,0.062883899998269,0.2774630486965179,0.2342146039009094,-0.247963547706604,0.0371816995695262,0.597000002861023,0.0139862463041094,0.027586658803486,0.5379761970457848,0.0234718466604124
2022_607,rf_spectral,165000,54363,11,10.28387610000209,0.3126136660575866,0.2623595297336578,-0.5841906070709229,-0.0028815162663518,0.597000002861023,0.057978115302956,0.1096017289286817,0.5379761970457848,0.0578334528999503
2022_607,rf_structure_terrain,165000,54363,11,7.609303000004729,0.2587372064590454,0.2150426656007766,-0.0851989984512329,0.1673456895950746,0.597000002861023,0.2896998654474558,0.4492516021887708,0.5379761970457848,0.325975387671762
2022_607,rf_full,165000,54363,11,19.234083399991505,0.2593899071216583,0.2163159847259521,-0.0906809568405151,0.2365029823174252,0.597000002861023,0.1919872580249938,0.3221297152842018,0.5379761970457848,0.1778783363684859
